dataset,scope_dataset,global_pca,seed,layer,eps,cc,tag,mode,k_selected,selection_reason,top_components_considered,corr_score_vs_delta_margin,n_vectors,cos_mean,cos_median,cos_p25,cos_p75,pca_path,fig_path,perturbation_type
bbq,global,True,42,14,0.5,ambig,separate,rejected,6,per_dataset_top10_max_abs_corr_delta_margin,"0,1,2,3,4,5,6,7,8,9",0.36867335111195726,200,0.13790103793144226,0.142511248588562,0.0850079208612442,0.19082888960838318,results/outputs/global_verify_components/pca/pca_global_train_seed42_layer14_eps0.5_k10_ambig_separate_rejected_n950.pt,results/analysis/global_highest_margin_component_alignment_sweep/figs/bbq__scope-global__ptype-separate__seed42__layer14__eps0.5__ambig__rejected__k6.png,separate
bbq,global,True,42,14,0.5,ambig,separate,chosen,7,per_dataset_top10_max_abs_corr_delta_margin,"0,1,2,3,4,5,6,7,8,9",-0.35889071875585643,200,0.10496719181537628,0.0977654978632927,0.040162235498428345,0.15371660888195038,results/outputs/global_verify_components/pca/pca_global_train_seed42_layer14_eps0.5_k10_ambig_separate_chosen_n950.pt,results/analysis/global_highest_margin_component_alignment_sweep/figs/bbq__scope-global__ptype-separate__seed42__layer14__eps0.5__ambig__chosen__k7.png,separate
bbq,global,True,42,14,0.5,ambig,shared_flip,chosen,3,per_dataset_top10_max_abs_corr_delta_margin,"0,1,2,3,4,5,6,7,8,9",0.44517053408996815,200,0.07930295914411545,0.06459353119134903,0.035155877470970154,0.10866289585828781,results/outputs/global_verify_components/pca/pca_global_train_seed42_layer14_eps0.5_k10_ambig_shared_flip_chosen_n950.pt,results/analysis/global_highest_margin_component_alignment_sweep/figs/bbq__scope-global__ptype-shared_flip__seed42__layer14__eps0.5__ambig__chosen__k3.png,shared_flip
bbq,global,True,42,14,0.5,ambig,shared_flip,rejected,7,per_dataset_top10_max_abs_corr_delta_margin,"0,1,2,3,4,5,6,7,8,9",0.315867657170525,200,0.11086470633745193,0.10568366199731827,0.059626609086990356,0.16360074281692505,results/outputs/global_verify_components/pca/pca_global_train_seed42_layer14_eps0.5_k10_ambig_shared_flip_rejected_n950.pt,results/analysis/global_highest_margin_component_alignment_sweep/figs/bbq__scope-global__ptype-shared_flip__seed42__layer14__eps0.5__ambig__rejected__k7.png,shared_flip
bbq,global,True,42,14,0.5,ambig,shared_noflip,chosen,0,per_dataset_top10_max_abs_corr_delta_margin,"0,1,2,3,4,5,6,7,8,9",-0.5244699678610778,200,0.4840918481349945,0.5673724412918091,0.28126436471939087,0.6729759573936462,results/outputs/global_verify_components/pca/pca_global_train_seed42_layer14_eps0.5_k10_ambig_shared_noflip_chosen_n950.pt,results/analysis/global_highest_margin_component_alignment_sweep/figs/bbq__scope-global__ptype-shared_noflip__seed42__layer14__eps0.5__ambig__chosen__k0.png,shared_noflip
bbq,global,True,42,14,0.5,ambig,shared_noflip,rejected,5,per_dataset_top10_max_abs_corr_delta_margin,"0,1,2,3,4,5,6,7,8,9",0.633254831368568,200,0.18510334193706512,0.13176730275154114,0.06866791099309921,0.3073347210884094,results/outputs/global_verify_components/pca/pca_global_train_seed42_layer14_eps0.5_k10_ambig_shared_noflip_rejected_n950.pt,results/analysis/global_highest_margin_component_alignment_sweep/figs/bbq__scope-global__ptype-shared_noflip__seed42__layer14__eps0.5__ambig__rejected__k5.png,shared_noflip
gsm_mc,global,True,42,14,0.5,ambig,separate,rejected,3,per_dataset_top10_max_abs_corr_delta_margin,"0,1,2,3,4,5,6,7,8,9",-0.4296473652408704,200,0.09806480258703232,0.08879733830690384,0.041968934237957,0.13837721943855286,results/outputs/global_verify_components/pca/pca_global_train_seed42_layer14_eps0.5_k10_ambig_separate_rejected_n950.pt,results/analysis/global_highest_margin_component_alignment_sweep/figs/gsm_mc__scope-global__ptype-separate__seed42__layer14__eps0.5__ambig__rejected__k3.png,separate
gsm_mc,global,True,42,14,0.5,ambig,separate,chosen,6,per_dataset_top10_max_abs_corr_delta_margin,"0,1,2,3,4,5,6,7,8,9",-0.514235349334982,200,0.10499370843172073,0.10728465020656586,0.07503807544708252,0.13479091227054596,results/outputs/global_verify_components/pca/pca_global_train_seed42_layer14_eps0.5_k10_ambig_separate_chosen_n950.pt,results/analysis/global_highest_margin_component_alignment_sweep/figs/gsm_mc__scope-global__ptype-separate__seed42__layer14__eps0.5__ambig__chosen__k6.png,separate
gsm_mc,global,True,42,14,0.5,ambig,shared_flip,chosen,3,per_dataset_top10_max_abs_corr_delta_margin,"0,1,2,3,4,5,6,7,8,9",0.2897711328843577,200,0.11288393288850784,0.10572804510593414,0.06041745841503143,0.15230527520179749,results/outputs/global_verify_components/pca/pca_global_train_seed42_layer14_eps0.5_k10_ambig_shared_flip_chosen_n950.pt,results/analysis/global_highest_margin_component_alignment_sweep/figs/gsm_mc__scope-global__ptype-shared_flip__seed42__layer14__eps0.5__ambig__chosen__k3.png,shared_flip
gsm_mc,global,True,42,14,0.5,ambig,shared_flip,rejected,3,per_dataset_top10_max_abs_corr_delta_margin,"0,1,2,3,4,5,6,7,8,9",-0.46585767720662624,200,0.15066373348236084,0.14774879813194275,0.05477144569158554,0.22083815932273865,results/outputs/global_verify_components/pca/pca_global_train_seed42_layer14_eps0.5_k10_ambig_shared_flip_rejected_n950.pt,results/analysis/global_highest_margin_component_alignment_sweep/figs/gsm_mc__scope-global__ptype-shared_flip__seed42__layer14__eps0.5__ambig__rejected__k3.png,shared_flip
gsm_mc,global,True,42,14,0.5,ambig,shared_noflip,chosen,0,per_dataset_top10_max_abs_corr_delta_margin,"0,1,2,3,4,5,6,7,8,9",-0.6684897626738681,200,0.5266987085342407,0.7080305814743042,0.1379605233669281,0.818902850151062,results/outputs/global_verify_components/pca/pca_global_train_seed42_layer14_eps0.5_k10_ambig_shared_noflip_chosen_n950.pt,results/analysis/global_highest_margin_component_alignment_sweep/figs/gsm_mc__scope-global__ptype-shared_noflip__seed42__layer14__eps0.5__ambig__chosen__k0.png,shared_noflip
gsm_mc,global,True,42,14,0.5,ambig,shared_noflip,rejected,0,per_dataset_top10_max_abs_corr_delta_margin,"0,1,2,3,4,5,6,7,8,9",-0.6615358345588579,200,0.5480223298072815,0.7080086469650269,0.2516263723373413,0.784770667552948,results/outputs/global_verify_components/pca/pca_global_train_seed42_layer14_eps0.5_k10_ambig_shared_noflip_rejected_n950.pt,results/analysis/global_highest_margin_component_alignment_sweep/figs/gsm_mc__scope-global__ptype-shared_noflip__seed42__layer14__eps0.5__ambig__rejected__k0.png,shared_noflip
math_mc,global,True,42,14,0.5,ambig,separate,rejected,5,per_dataset_top10_max_abs_corr_delta_margin,"0,1,2,3,4,5,6,7,8,9",0.29577042691764366,200,0.11676611006259918,0.11401636898517609,0.06219881400465965,0.1707814335823059,results/outputs/global_verify_components/pca/pca_global_train_seed42_layer14_eps0.5_k10_ambig_separate_rejected_n950.pt,results/analysis/global_highest_margin_component_alignment_sweep/figs/math_mc__scope-global__ptype-separate__seed42__layer14__eps0.5__ambig__rejected__k5.png,separate
math_mc,global,True,42,14,0.5,ambig,separate,chosen,6,per_dataset_top10_max_abs_corr_delta_margin,"0,1,2,3,4,5,6,7,8,9",-0.4146728020594674,200,0.08801697939634323,0.09016397595405579,0.046625953167676926,0.12551312148571014,results/outputs/global_verify_components/pca/pca_global_train_seed42_layer14_eps0.5_k10_ambig_separate_chosen_n950.pt,results/analysis/global_highest_margin_component_alignment_sweep/figs/math_mc__scope-global__ptype-separate__seed42__layer14__eps0.5__ambig__chosen__k6.png,separate
math_mc,global,True,42,14,0.5,ambig,shared_flip,chosen,0,per_dataset_top10_max_abs_corr_delta_margin,"0,1,2,3,4,5,6,7,8,9",-0.26561453659121625,200,0.44306424260139465,0.45020103454589844,0.4054966866970062,0.48608675599098206,results/outputs/global_verify_components/pca/pca_global_train_seed42_layer14_eps0.5_k10_ambig_shared_flip_chosen_n950.pt,results/analysis/global_highest_margin_component_alignment_sweep/figs/math_mc__scope-global__ptype-shared_flip__seed42__layer14__eps0.5__ambig__chosen__k0.png,shared_flip
math_mc,global,True,42,14,0.5,ambig,shared_flip,rejected,8,per_dataset_top10_max_abs_corr_delta_margin,"0,1,2,3,4,5,6,7,8,9",-0.30058349590845646,200,0.12096738815307617,0.11851367354393005,0.0739673376083374,0.16232550144195557,results/outputs/global_verify_components/pca/pca_global_train_seed42_layer14_eps0.5_k10_ambig_shared_flip_rejected_n950.pt,results/analysis/global_highest_margin_component_alignment_sweep/figs/math_mc__scope-global__ptype-shared_flip__seed42__layer14__eps0.5__ambig__rejected__k8.png,shared_flip
math_mc,global,True,42,14,0.5,ambig,shared_noflip,chosen,0,per_dataset_top10_max_abs_corr_delta_margin,"0,1,2,3,4,5,6,7,8,9",-0.6266227851786763,200,0.6061728000640869,0.7425492405891418,0.4938731789588928,0.794003963470459,results/outputs/global_verify_components/pca/pca_global_train_seed42_layer14_eps0.5_k10_ambig_shared_noflip_chosen_n950.pt,results/analysis/global_highest_margin_component_alignment_sweep/figs/math_mc__scope-global__ptype-shared_noflip__seed42__layer14__eps0.5__ambig__chosen__k0.png,shared_noflip
math_mc,global,True,42,14,0.5,ambig,shared_noflip,rejected,0,per_dataset_top10_max_abs_corr_delta_margin,"0,1,2,3,4,5,6,7,8,9",-0.6392740481963307,200,0.5745042562484741,0.6908491849899292,0.4276396632194519,0.7520056366920471,results/outputs/global_verify_components/pca/pca_global_train_seed42_layer14_eps0.5_k10_ambig_shared_noflip_rejected_n950.pt,results/analysis/global_highest_margin_component_alignment_sweep/figs/math_mc__scope-global__ptype-shared_noflip__seed42__layer14__eps0.5__ambig__rejected__k0.png,shared_noflip
mmlu,global,True,42,14,0.5,ambig,separate,chosen,6,per_dataset_top10_max_abs_corr_delta_margin,"0,1,2,3,4,5,6,7,8,9",-0.5711827376230234,200,0.08992509543895721,0.07960918545722961,0.04085404425859451,0.13663369417190552,results/outputs/global_verify_components/pca/pca_global_train_seed42_layer14_eps0.5_k10_ambig_separate_chosen_n950.pt,results/analysis/global_highest_margin_component_alignment_sweep/figs/mmlu__scope-global__ptype-separate__seed42__layer14__eps0.5__ambig__chosen__k6.png,separate
mmlu,global,True,42,14,0.5,ambig,separate,rejected,6,per_dataset_top10_max_abs_corr_delta_margin,"0,1,2,3,4,5,6,7,8,9",0.35978189409928285,200,0.15802723169326782,0.1488940417766571,0.10368330031633377,0.20600004494190216,results/outputs/global_verify_components/pca/pca_global_train_seed42_layer14_eps0.5_k10_ambig_separate_rejected_n950.pt,results/analysis/global_highest_margin_component_alignment_sweep/figs/mmlu__scope-global__ptype-separate__seed42__layer14__eps0.5__ambig__rejected__k6.png,separate
mmlu,global,True,42,14,0.5,ambig,shared_flip,chosen,7,per_dataset_top10_max_abs_corr_delta_margin,"0,1,2,3,4,5,6,7,8,9",-0.4494717420925392,200,0.1980302780866623,0.19656717777252197,0.13493844866752625,0.25960642099380493,results/outputs/global_verify_components/pca/pca_global_train_seed42_layer14_eps0.5_k10_ambig_shared_flip_chosen_n950.pt,results/analysis/global_highest_margin_component_alignment_sweep/figs/mmlu__scope-global__ptype-shared_flip__seed42__layer14__eps0.5__ambig__chosen__k7.png,shared_flip
mmlu,global,True,42,14,0.5,ambig,shared_flip,rejected,8,per_dataset_top10_max_abs_corr_delta_margin,"0,1,2,3,4,5,6,7,8,9",-0.337256204421687,200,0.1082962155342102,0.10149388760328293,0.06181688606739044,0.15356683731079102,results/outputs/global_verify_components/pca/pca_global_train_seed42_layer14_eps0.5_k10_ambig_shared_flip_rejected_n950.pt,results/analysis/global_highest_margin_component_alignment_sweep/figs/mmlu__scope-global__ptype-shared_flip__seed42__layer14__eps0.5__ambig__rejected__k8.png,shared_flip
mmlu,global,True,42,14,0.5,ambig,shared_noflip,chosen,0,per_dataset_top10_max_abs_corr_delta_margin,"0,1,2,3,4,5,6,7,8,9",-0.6622181691175435,200,0.5699435472488403,0.6859471797943115,0.30254578590393066,0.7588509917259216,results/outputs/global_verify_components/pca/pca_global_train_seed42_layer14_eps0.5_k10_ambig_shared_noflip_chosen_n950.pt,results/analysis/global_highest_margin_component_alignment_sweep/figs/mmlu__scope-global__ptype-shared_noflip__seed42__layer14__eps0.5__ambig__chosen__k0.png,shared_noflip
mmlu,global,True,42,14,0.5,ambig,shared_noflip,rejected,0,per_dataset_top10_max_abs_corr_delta_margin,"0,1,2,3,4,5,6,7,8,9",-0.6212601853330225,200,0.5483576059341431,0.6502543687820435,0.3200276792049408,0.7220352292060852,results/outputs/global_verify_components/pca/pca_global_train_seed42_layer14_eps0.5_k10_ambig_shared_noflip_rejected_n950.pt,results/analysis/global_highest_margin_component_alignment_sweep/figs/mmlu__scope-global__ptype-shared_noflip__seed42__layer14__eps0.5__ambig__rejected__k0.png,shared_noflip
sgxs,global,True,42,14,0.5,ambig,separate,rejected,1,per_dataset_top10_max_abs_corr_delta_margin,"0,1,2,3,4,5,6,7,8,9",-0.30936929684142506,150,0.06417445838451385,0.05740685388445854,0.02211182750761509,0.10085552930831909,results/outputs/global_verify_components/pca/pca_global_train_seed42_layer14_eps0.5_k10_ambig_separate_rejected_n950.pt,results/analysis/global_highest_margin_component_alignment_sweep/figs/sgxs__scope-global__ptype-separate__seed42__layer14__eps0.5__ambig__rejected__k1.png,separate
sgxs,global,True,42,14,0.5,ambig,separate,chosen,4,per_dataset_top10_max_abs_corr_delta_margin,"0,1,2,3,4,5,6,7,8,9",0.47158452801560535,150,0.1477494090795517,0.1401708871126175,0.07019910216331482,0.20749486982822418,results/outputs/global_verify_components/pca/pca_global_train_seed42_layer14_eps0.5_k10_ambig_separate_chosen_n950.pt,results/analysis/global_highest_margin_component_alignment_sweep/figs/sgxs__scope-global__ptype-separate__seed42__layer14__eps0.5__ambig__chosen__k4.png,separate
sgxs,global,True,42,14,0.5,ambig,shared_flip,chosen,7,per_dataset_top10_max_abs_corr_delta_margin,"0,1,2,3,4,5,6,7,8,9",0.24720713883859238,150,0.2113642692565918,0.21009106934070587,0.14631140232086182,0.2711315155029297,results/outputs/global_verify_components/pca/pca_global_train_seed42_layer14_eps0.5_k10_ambig_shared_flip_chosen_n950.pt,results/analysis/global_highest_margin_component_alignment_sweep/figs/sgxs__scope-global__ptype-shared_flip__seed42__layer14__eps0.5__ambig__chosen__k7.png,shared_flip
sgxs,global,True,42,14,0.5,ambig,shared_flip,rejected,7,per_dataset_top10_max_abs_corr_delta_margin,"0,1,2,3,4,5,6,7,8,9",-0.25362631404063085,150,0.1301894187927246,0.12827515602111816,0.07442077994346619,0.18857897818088531,results/outputs/global_verify_components/pca/pca_global_train_seed42_layer14_eps0.5_k10_ambig_shared_flip_rejected_n950.pt,results/analysis/global_highest_margin_component_alignment_sweep/figs/sgxs__scope-global__ptype-shared_flip__seed42__layer14__eps0.5__ambig__rejected__k7.png,shared_flip
sgxs,global,True,42,14,0.5,ambig,shared_noflip,chosen,0,per_dataset_top10_max_abs_corr_delta_margin,"0,1,2,3,4,5,6,7,8,9",0.4297283864670744,150,0.11551520973443985,0.1034524217247963,0.04892721399664879,0.1848115772008896,results/outputs/global_verify_components/pca/pca_global_train_seed42_layer14_eps0.5_k10_ambig_shared_noflip_chosen_n950.pt,results/analysis/global_highest_margin_component_alignment_sweep/figs/sgxs__scope-global__ptype-shared_noflip__seed42__layer14__eps0.5__ambig__chosen__k0.png,shared_noflip
sgxs,global,True,42,14,0.5,ambig,shared_noflip,rejected,8,per_dataset_top10_max_abs_corr_delta_margin,"0,1,2,3,4,5,6,7,8,9",-0.4200085083447614,150,0.13837440311908722,0.12456896901130676,0.05949876829981804,0.20773041248321533,results/outputs/global_verify_components/pca/pca_global_train_seed42_layer14_eps0.5_k10_ambig_shared_noflip_rejected_n950.pt,results/analysis/global_highest_margin_component_alignment_sweep/figs/sgxs__scope-global__ptype-shared_noflip__seed42__layer14__eps0.5__ambig__rejected__k8.png,shared_noflip
